{"xy_sens": 11.5, "targeting_sens": 30, "xy_scale": 0.7272727272727273, "targeting_scale": 2.0779220779220777}